division_id,division_name,month,gm_actual_pct,gm_forecast_pct,revenue_actual,cost_actual,revenue_forecast,cost_forecast
D01,Cloud Services,2026-02,6.20,4.50,1100000,1031800,1120000,1069600
D01,Cloud Services,2026-03,5.60,3.90,1080000,1019520,1090000,1047490
D01,Cloud Services,2026-04,5.00,3.40,1050000,997500,1080000,1043280
D02,Data & AI,2026-02,28.30,30.50,950000,681150,940000,653300
D02,Data & AI,2026-03,28.80,30.70,960000,683520,945000,654765
D02,Data & AI,2026-04,29.50,31.00,975000,687375,960000,662400
D03,Enterprise Apps,2026-02,10.90,9.80,1380000,1229580,1390000,1253780
D03,Enterprise Apps,2026-03,11.20,9.90,1395000,1238760,1400000,1261400
D03,Enterprise Apps,2026-04,11.50,10.00,1410000,1247850,1420000,1278000
